DATE,SERIES,OPEN,HIGH,LOW,PREV. CLOSE,LTP,CLOSE,VWAP,52W H,52W L,VOLUME,VALUE,NO. OF  TRADES
27-03-2026,EQ,237.55,239.14,232.4,242.18,232.71,233.17,235.75,368.45,194.8,38767229,9139182707,239888
25-03-2026,EQ,242,244.5,240.01,237.94,241.97,242.18,242.25,368.45,194.8,64768357,15690427889,295692
24-03-2026,EQ,231,240.29,230.81,226.96,238.05,237.94,235.55,368.45,194.8,63944923,15062117914,292622
23-03-2026,EQ,227.9,231.4,224.21,232.29,226.86,226.96,227.03,368.45,194.8,71121843,16146997712,507043
20-03-2026,EQ,230.1,236.7,230.1,228.74,233,232.29,232.82,368.45,194.8,55775443,12985701129,299068
19-03-2026,EQ,236.99,238.49,227.65,242.54,229.5,228.74,231.61,368.45,194.8,72305788,16746460360,393824
18-03-2026,EQ,235.8,243.22,234.04,234.63,242.75,242.54,240.69,368.45,194.8,74981953,18047354839,299087
17-03-2026,EQ,223,236.13,222.75,222.04,234.45,234.63,232.11,368.45,194.8,85823179,19920545430,522910
16-03-2026,EQ,215,223.64,212.6,215.68,222.5,222.04,217.86,368.45,194.8,53267837,11605129869,254095
13-03-2026,EQ,220.9,222.99,214.28,221.17,217,215.68,216.82,368.45,194.8,65462174,14193719017,285272
12-03-2026,EQ,220.25,223.85,213.06,223.8,220.9,221.17,218.79,368.45,194.8,65732459,14381731754,427631
11-03-2026,EQ,226.6,227.93,223.05,226.62,223.44,223.8,225.26,368.45,194.8,34327861,7732795406,297815
10-03-2026,EQ,232,233.23,224.86,229.56,226.7,226.62,227.55,368.45,194.8,47196661,10739612805,350001
09-03-2026,EQ,226.5,230.86,219.8,232.57,230.5,229.56,225.45,368.45,194.8,48505614,10935664745,301708
06-03-2026,EQ,240.63,242.9,231.58,240.14,233.04,232.57,235.33,368.45,194.8,44605775,10497036715,213814
05-03-2026,EQ,244.5,244.5,234,240.73,240.49,240.14,237.79,368.45,194.8,44324414,10539713923,309419
04-03-2026,EQ,237,244,236.36,242.87,240.5,240.73,239.92,368.45,194.8,48878958,11727010799,323365
02-03-2026,EQ,238,244.48,234.65,246.3,242.3,242.87,240.98,368.45,194.8,73388956,17685297702,410759
27-02-2026,EQ,246.05,252,243.75,246.5,247.5,246.3,248.3,368.45,194.8,57272916,14220744749,324686
26-02-2026,EQ,251.55,254.7,246,250.2,246.5,246.5,249.57,368.45,194.8,76804030,19167810226,348415
25-02-2026,EQ,255.2,256.6,249.45,254,250.1,250.2,251.72,368.45,194.8,103388324,26025158187,364328
24-02-2026,EQ,260,264.9,251.8,268,254.4,254,256.03,368.45,194.8,76836880,19672475325,535404
23-02-2026,EQ,270.25,271.75,264.85,269.45,268.55,268,267.04,368.45,194.8,34454292,9200570174,289350
20-02-2026,EQ,270.8,272.5,267.85,271.75,268.2,269.45,269.87,368.45,194.8,19317167,5213084487,154278
19-02-2026,EQ,277.35,279.8,269.85,277.35,270.8,271.75,274.75,368.45,194.8,23971631,6586237679,129838
18-02-2026,EQ,283.1,284.65,273,281.5,277.1,277.35,276.98,368.45,194.8,35129399,9730245396,184498
17-02-2026,EQ,284,284,277.35,286.6,281.35,281.5,279.76,368.45,194.8,34291326,9593319819,246200
16-02-2026,EQ,285.2,289.7,283.9,285.2,286.35,286.6,286.85,368.45,194.8,19958107,5724944864,160519
13-02-2026,EQ,298,300,283.8,298,285.2,285.2,287.88,368.45,194.8,47583835,13698262684,275857
12-02-2026,EQ,296.2,300,291.4,300.7,297.4,298,296.37,368.45,194.8,34873811,10335537356,196488
11-02-2026,EQ,304,306.85,299.75,303.8,301,300.7,302.7,368.45,194.8,32084582,9711966172,278581
10-02-2026,EQ,291,308.55,289.05,288.85,303.85,303.8,302.21,368.45,194.8,102621684,31013743395,392503
09-02-2026,EQ,286,289.4,283,283.55,288.7,288.85,287.44,368.45,194.8,18816048,5408527495,194992
06-02-2026,EQ,286.9,288.7,281.65,286.85,283.55,283.55,283.81,368.45,194.8,29937539,8496462948,140763
05-02-2026,EQ,291.1,294.85,284.7,294.15,287.05,286.85,288.22,368.45,194.8,30383252,8756974474,182862
04-02-2026,EQ,279.75,294.95,273.05,279.8,293.5,294.15,290.31,368.45,194.8,64894681,18839880797,240556
03-02-2026,EQ,294,299.9,278.1,272.65,278.5,279.8,286.03,368.45,194.8,75311768,21541090417,249857
02-02-2026,EQ,266,276.3,266,269.55,273,272.65,271.67,368.45,194.8,34208468,9293335600,170689
01-02-2026,EQ,274,277.15,258.4,273.6,268.5,269.55,270.3,368.45,194.8,20257153,5475477945,124696
30-01-2026,EQ,272.65,275.85,267.65,275.35,273.5,273.6,273.66,368.45,194.8,43752149,11973087021,166407
29-01-2026,EQ,266.2,277.1,263.05,266.3,274.3,275.35,271.06,368.45,194.8,74338767,20150615157,248491
28-01-2026,EQ,256,267.2,252.8,253.85,266.7,266.3,261.11,368.45,194.8,82531461,21549387349,538701
27-01-2026,EQ,258.05,261.15,250.5,258.7,255,253.85,254.47,368.45,194.8,106172023,27017131954,673445
23-01-2026,EQ,276.95,277,257.7,275.9,260.05,258.7,264.47,368.45,194.8,85765429,22682350971,549401
22-01-2026,EQ,300,305,275.05,283.5,276.5,275.9,286.38,368.45,194.8,154979819,44383601099,613022
21-01-2026,EQ,269.25,287.2,268.8,269.6,282.8,283.5,278.88,368.45,194.8,71728259,20003572656,415629
20-01-2026,EQ,282,282.4,267.85,281.35,271.25,269.6,272.95,368.45,194.8,83681194,22840931432,349175
19-01-2026,EQ,288.5,290,276.65,287.7,279.45,281.35,282,368.45,194.8,83664844,23593181998,342278
16-01-2026,EQ,294.05,296.8,286.8,299.25,288,287.7,291.76,368.45,194.8,62836265,18332928162,288414
14-01-2026,EQ,292.5,299.9,291,294.55,298.8,299.25,296.69,368.45,194.8,48489262,14386196423,174024
13-01-2026,EQ,289.5,297.3,289.15,285.25,294.25,294.55,293.18,368.45,194.8,50350178,14761585444,270751
12-01-2026,EQ,284.35,286.25,276.8,284.35,285.3,285.25,281.77,368.45,194.8,28605326,8060183589,183898
09-01-2026,EQ,283.4,292.9,281.65,283.55,284.7,284.35,287.54,368.45,194.8,55851766,16059874789,202442
08-01-2026,EQ,280.55,287.4,279,280.95,283.15,283.55,283.9,368.45,194.8,38191591,10842752463,168324
07-01-2026,EQ,277,286.3,276.55,279.05,280.5,280.95,281.26,368.45,194.8,38184312,10739885730,242220
06-01-2026,EQ,281.8,283.55,276.25,281.8,279,279.05,279.09,368.45,194.8,29577754,8254996148,242422
05-01-2026,EQ,280.5,284,279.6,284.15,281.9,281.8,281.38,368.45,194.8,19328131,5438539075,127298
02-01-2026,EQ,283.8,287.75,283.25,283.8,284.1,284.15,285.41,368.45,194.8,13624798,3888617089,103983
01-01-2026,EQ,278.6,285,278.55,278.05,283.55,283.8,283.24,368.45,194.8,13427852,3803289749,146429
31-12-2025,EQ,276,280.35,275.5,277.1,278.05,278.05,277.95,368.45,194.8,21964083,6104896865,172236
30-12-2025,EQ,282.5,282.5,275.35,282.85,276.6,277.1,277.44,368.45,194.8,37816382,10491678697,247898
29-12-2025,EQ,281.5,286.05,281.5,281.75,283,282.85,283.9,368.45,194.8,13175259,3740496113,103114
26-12-2025,EQ,281.8,284.65,279.7,284.85,281.85,281.75,282.48,368.45,194.8,15744495,4447469422,144388
24-12-2025,EQ,283.5,286,283.1,284.35,284.6,284.85,284.67,368.45,194.8,12973814,3693215212,103895
23-12-2025,EQ,287.05,288,284,286.7,284.25,284.35,285.47,368.45,194.8,12762620,3643301511,115851
22-12-2025,EQ,286,287.9,285.2,286.05,287.05,286.7,286.44,368.45,194.8,14987454,4292952788,130901
19-12-2025,EQ,286.9,288.35,285.25,284.75,286.25,286.05,286.58,368.45,194.8,17783844,5096437101,125856
18-12-2025,EQ,284.05,285.5,281.7,284.45,285,284.75,284.03,368.45,194.8,14159703,4021816665,142572
17-12-2025,EQ,286.25,290.5,283.55,284.45,283.6,284.45,285.93,368.45,194.8,27154430,7764264866,234854
16-12-2025,EQ,298.2,298.2,282.65,298.45,284.5,284.45,286.93,368.45,194.8,58633745,16823564223,364549
15-12-2025,EQ,295,299.55,295,298.05,298.05,298.45,297.56,368.45,194.8,14755897,4390724414,147259
12-12-2025,EQ,290.1,299,288.6,290.95,297.85,298.05,295.53,368.45,194.8,27289532,8065008524,172423
11-12-2025,EQ,284,291.9,283.05,283.25,290,290.95,289,368.45,194.8,21043741,6081622659,137935
10-12-2025,EQ,289,293,282,291.7,282.7,283.25,286.2,368.45,194.8,20644419,5908423685,149795
09-12-2025,EQ,284.55,292.3,280.3,285.25,291.75,291.7,287.86,368.45,194.8,27053864,7787708432,182312
08-12-2025,EQ,290.9,297.4,284.15,292.4,285.05,285.25,289.05,368.45,194.8,85127961,24605965817,214347
05-12-2025,EQ,295,299.7,291.15,295.75,291.75,292.4,294.72,368.45,194.8,17762375,5234944735,130523
04-12-2025,EQ,297.6,298.75,292.55,297.75,296.55,295.75,295.12,368.45,194.8,31947997,9428583617,183511
03-12-2025,EQ,300.6,302.95,296,300.55,298.5,297.75,298.78,368.45,194.8,18546982,5541462078,125499
02-12-2025,EQ,300.6,301.8,297,301.5,300.6,300.55,299.56,368.45,194.8,23517461,7044954735,152979
01-12-2025,EQ,302.3,305.45,300.25,300.1,302.2,301.5,302.07,368.45,194.8,17929620,5415965053,184663
28-11-2025,EQ,303,304.8,299.65,302.75,300.5,300.1,302.02,368.45,194.8,17678706,5339327309,138131
27-11-2025,EQ,308,308.7,300.55,306.85,302.2,302.75,302.98,368.45,194.8,22604916,6848740452,153474
26-11-2025,EQ,300.3,307.15,300.3,302.3,306.8,306.85,305.54,368.45,194.8,14488702,4426914672,168605
25-11-2025,EQ,303,305.95,300.5,301,302.4,302.3,302.46,368.45,194.8,19304127,5838757801,168430
24-11-2025,EQ,296.5,304.25,295.6,301.95,300.7,301,300.92,368.45,194.8,42517973,12794349031,221877
21-11-2025,EQ,304.95,305.95,301,306.9,302,301.95,303.5,368.45,194.8,13729185,4166869616,126741
20-11-2025,EQ,308.5,308.65,304.6,306.6,307.05,306.9,307.04,368.45,194.8,13522453,4151965094,157411
19-11-2025,EQ,305,308.1,302.6,306.15,306.75,306.6,306.38,368.45,194.8,15532632,4758869545,123197
18-11-2025,EQ,312,313,304.5,309.55,304.5,306.15,308.81,368.45,194.8,24986347,7716123258,162604
17-11-2025,EQ,303.1,309.85,300.55,303.75,309.6,309.55,306.33,368.45,194.8,26632684,8158379512,160650
14-11-2025,EQ,295,305.25,294.75,297.75,304.15,303.75,301.04,368.45,194.8,37378739,11252420059,182042
13-11-2025,EQ,308.65,309.35,296.6,308.8,297.4,297.75,301.17,368.45,194.8,63585986,19150182380,239937
12-11-2025,EQ,308,312.95,307.35,305.8,308.55,308.8,310.19,368.45,194.8,43774443,13578223826,182989
11-11-2025,EQ,302.95,307.75,300.15,301.45,306.2,305.8,304.35,368.45,194.8,35824473,10903153828,197568
10-11-2025,EQ,304.25,308.55,300.8,306.1,301.8,301.45,303.58,368.45,194.8,33919179,10297073127,230802
07-11-2025,EQ,305.95,309.1,301.45,305.65,305.9,306.1,305.99,368.45,194.8,26911856,8234778986,163466
06-11-2025,EQ,308.5,311.65,303.55,313.5,305.3,305.65,307.37,368.45,194.8,44725332,13747011911,280633
04-11-2025,EQ,321.05,321.95,312.3,322.6,313.5,313.5,315.1,368.45,194.8,35402202,11155394391,200629
03-11-2025,EQ,316.45,323.6,313.25,317.75,322.35,322.6,319.53,368.45,194.8,33549131,10720119106,178802
31-10-2025,EQ,329.95,330.3,316.65,329.35,318,317.75,321.55,368.45,194.8,34241754,11010557679,226084
30-10-2025,EQ,328,332.25,325.5,330.45,329.2,329.35,329.03,368.45,194.8,19800315,6514858360,160020
29-10-2025,EQ,333.55,335.5,328.75,334.6,330.65,330.45,330.8,368.45,194.8,19679008,6509785896,118560
28-10-2025,EQ,332.75,336.2,332.15,333.7,335,334.6,334.28,368.45,194.8,28723423,9601594569,168246
27-10-2025,EQ,326.2,334.9,324.6,326.6,333.35,333.7,330.14,368.45,194.8,27703118,9146015229,161680
24-10-2025,EQ,328,329.85,324.35,328.35,326.5,326.6,326.97,368.45,194.8,35567993,11629628500,151336
23-10-2025,EQ,343,343,327,338.1,328,328.35,331.5,368.45,194.8,54284157,17995090209,397731
21-10-2025,EQ,340.1,340.8,337.2,338.15,338,338.1,338.77,368.45,194.8,3818958,1293737119,39876
20-10-2025,EQ,345,346.5,336.25,342.65,338.45,338.15,339.63,368.45,194.8,25481979,8654318073,252814
17-10-2025,EQ,340,347.75,333.75,347.85,342.75,342.65,341.1,368.45,194.8,77995576,26604081066,505457
16-10-2025,EQ,356,368.45,338,354.35,340.5,347.85,352.51,368.45,194.8,91194459,32147206629,393965
15-10-2025,EQ,347.75,355.9,347.35,347.75,355.4,354.35,352.88,355.9,194.8,30840496,10882942149,169737
14-10-2025,EQ,352,352,343,348.35,347,347.75,347.37,352,194.8,25161480,8740349082,228840
13-10-2025,EQ,347.5,351.3,345.4,348.3,348.3,348.35,347.92,351.3,194.8,14458590,5030368582,187871
10-10-2025,EQ,342.55,349.9,341.6,345.5,348.4,348.3,346.55,349.9,194.8,15972103,5535210085,116315
09-10-2025,EQ,345,347.5,342.9,341.65,345.5,345.5,345.4,347.5,194.8,23497999,8116162121,158165
08-10-2025,EQ,337.65,342.9,336.05,337.85,341.15,341.65,339.9,343.9,194.8,16799915,5710351311,122181
07-10-2025,EQ,335.5,341.6,333.2,335.1,337.85,337.85,338.47,343.9,194.8,19836347,6714058028,237345
06-10-2025,EQ,326.5,336.3,326.5,328.45,335.6,335.1,333.46,343.9,194.8,13705095,4570061747,141402
03-10-2025,EQ,326.2,334.8,324,329,328.2,328.45,329.15,343.9,194.8,25648590,8442234270,174398
01-10-2025,EQ,323.1,330.25,320.8,325.5,329.45,329,325.86,343.9,194.8,18366563,5984872101,134184
30-09-2025,EQ,325.1,328.05,323.5,324.85,325.8,325.5,325.73,343.9,194.8,18841393,6137257764,146594
29-09-2025,EQ,326.95,328.8,324.25,321,325.1,324.85,326.13,343.9,194.8,21653802,7061982315,138694
26-09-2025,EQ,331,332.9,320,332.25,322.9,321,324.62,343.9,194.8,26840537,8713072141,202832
25-09-2025,EQ,334,335.8,331.2,335.8,332.55,332.25,333.28,343.9,194.8,16653312,5550137030,128229
24-09-2025,EQ,336.2,338,335.35,338.35,336.3,335.8,336.5,343.9,194.8,12073297,4062636196,88898
23-09-2025,EQ,340.95,341.3,336.7,341.85,338.8,338.35,338.54,343.9,194.8,15144828,5127174317,108535
22-09-2025,EQ,340,343.9,336.7,336.55,341.95,341.85,341.33,343.9,194.8,28626249,9770922094,209268
19-09-2025,EQ,337,340,334.55,337.85,337.65,336.55,337.19,340,194.8,29146789,9828086387,144330
18-09-2025,EQ,328.8,338.5,328.3,328.25,337.85,337.85,334.23,338.5,194.8,36575258,12224508607,222867
17-09-2025,EQ,327.3,330,325.3,327.3,327.7,328.25,327.31,334.4,194.8,14901358,4877418600,99995
16-09-2025,EQ,323,327.8,322,323.3,327.15,327.3,325.03,334.4,194.8,19198538,6240158341,177631
15-09-2025,EQ,322.95,325.6,321.5,321.4,323.6,323.3,323.34,334.4,194.8,16287174,5266360024,123306
12-09-2025,EQ,327.1,327.9,320.7,328.1,321.85,321.4,323.84,334.4,194.8,19923948,6452157682,134943
11-09-2025,EQ,325,331.35,324.7,324.4,328.35,328.1,328.5,334.4,194.8,22336999,7337740422,127971
10-09-2025,EQ,328.95,328.95,322.8,325.7,324.7,324.4,324.47,334.4,194.8,18981939,6158982506,145650
09-09-2025,EQ,329,329.65,323.75,329.65,325.7,325.7,325.8,334.4,194.8,19658627,6404762184,139532
08-09-2025,EQ,331,332.2,328.2,329.15,329.3,329.65,330.26,334.4,194.8,17188065,5676444801,130710
05-09-2025,EQ,327.55,334.4,326.3,326.25,329.5,329.15,331.42,334.4,194.8,31645035,10487939050,205337
04-09-2025,EQ,328,329,322.8,326.1,327.55,326.25,324.92,331.35,194.8,43285629,14064454737,144633
03-09-2025,EQ,325.1,328.75,322,322.4,326.3,326.1,324.87,331.35,194.8,46674039,15162971208,162424
02-09-2025,EQ,322.85,327.4,320.45,321.1,322.85,322.4,323.31,331.35,194.8,48878436,15803081170,197634
01-09-2025,EQ,313.95,322.5,313.95,313.95,321.35,321.1,318.4,331.35,194.8,47888390,15247702044,155088
29-08-2025,EQ,315.55,316.75,307.75,315.5,315.6,313.95,311.9,331.35,194.8,62441100,19475662912,179189
28-08-2025,EQ,321.2,323.1,313.25,317.9,315.95,315.5,317.72,331.35,194.8,44020764,13986485895,257665
26-08-2025,EQ,317.3,321.5,315.05,319.25,320.75,317.9,317.96,331.35,194.8,438503024,1.39426E+11,272966
25-08-2025,EQ,320,323.8,316.55,319.1,320.5,319.25,320.21,331.35,194.8,20880241,6686016776,122997
22-08-2025,EQ,321.8,324,318.25,321.8,318.75,319.1,320.92,331.35,194.8,22869858,7339310268,125211
21-08-2025,EQ,324.6,325.9,321,326.55,321.5,321.8,322.88,331.35,194.8,22056606,7121582463,151032
20-08-2025,EQ,322.4,331.35,320.35,321.45,325.25,326.55,327.28,331.35,194.8,55734714,18240824012,302030
19-08-2025,EQ,316.5,321.9,311.7,314.9,321,321.45,317.88,323.7,194.8,36592945,11632310624,215187
18-08-2025,EQ,318.4,323.7,313.65,318.4,314.1,314.9,317.73,323.7,194.8,42357084,13458052027,230331
14-08-2025,EQ,313,319.8,310.65,312.35,317.7,318.4,316.21,319.8,194.8,45892250,14511601764,179541
13-08-2025,EQ,305.9,314,305.55,305.9,312.9,312.35,311.27,314.45,194.8,28119116,8752511768,144822
12-08-2025,EQ,309.4,310,304.55,309.4,305.3,305.9,306.57,314.45,194.8,20834370,6387153974,130692
11-08-2025,EQ,300.9,310.4,299.5,300.9,309,309.4,305.31,314.45,194.8,44948318,13723244768,182343
08-08-2025,EQ,300.35,302.4,298.1,301.75,300.3,300.9,300.72,314.45,194.8,28458176,8557939943,128642
07-08-2025,EQ,291.55,303.2,288.4,298.85,303.2,301.75,293.08,314.45,194.8,391548871,1.14754E+11,458929
06-08-2025,EQ,302,302.5,295.45,302.15,300.05,298.85,298.65,314.45,194.8,22012280,6574035466,153111
05-08-2025,EQ,306.9,307.6,301.7,305.25,301.95,302.15,303.43,314.45,194.8,14820256,4496974492,120231
04-08-2025,EQ,303,307,300.45,304.75,305.95,305.25,304.17,314.45,194.8,21862121,6649829152,114728
01-08-2025,EQ,309.8,310.45,303.95,307.8,304.6,304.75,305.92,314.45,194.8,16415906,5021915690,115059
31-07-2025,EQ,300,311.15,299.3,303.45,308.85,307.8,307.57,314.45,194.8,32474675,9988133418,237848
30-07-2025,EQ,306.55,308.15,301.8,306.55,304.15,303.45,304.42,314.45,194.8,21677387,6599128398,143435
29-07-2025,EQ,305,307.2,300,307.3,306.4,306.55,303.94,314.45,194.8,23521231,7149094334,149552
28-07-2025,EQ,310,312.25,306.6,310.55,307.05,307.3,309.17,314.45,194.8,24882879,7692972748,246142
25-07-2025,EQ,309.95,314.15,306.3,313.15,310.5,310.55,310.42,314.45,194.8,50941177,15813414352,303907
24-07-2025,EQ,302.25,314.45,302,302.05,312.45,313.15,311.13,314.45,194.8,120603751,37523099126,422495
23-07-2025,EQ,298,303.55,296.3,299.8,302.25,302.05,300.82,311.25,194.8,68915203,20730770838,362344
22-07-2025,EQ,293,311.25,289.65,271.7,299.75,299.8,301.15,311.25,194.8,269332774,81108764917,1071490
21-07-2025,EQ,257,277,256.65,257.2,276.5,271.7,268.62,304.7,194.8,67508530,18133871245,267311
18-07-2025,EQ,259.95,260.2,256.75,259.65,257.7,257.2,257.71,304.7,194.8,13584890,3500976555,108322
17-07-2025,EQ,263,263.7,258.6,262.35,259.75,259.65,260.36,304.7,194.8,17544857,4567999037,125930
16-07-2025,EQ,263.15,266.95,261.25,266.45,262.1,262.35,262.85,304.7,194.8,17828906,4686240954,191778
15-07-2025,EQ,271.9,272.4,265.15,270.6,266.9,266.45,267.52,304.7,194.8,35090527,9387474948,158239
14-07-2025,EQ,264.95,277.75,262.3,263.35,271,270.6,271.02,304.7,194.8,50184664,13601281571,252843
11-07-2025,EQ,260,264.95,260,262.85,263.1,263.35,263.18,304.7,194.8,16528109,4349862468,122088
10-07-2025,EQ,265.1,267.25,262.25,264.55,262.35,262.85,264.31,304.7,194.8,17136740,4529422663,100241
09-07-2025,EQ,263.65,265.45,261.8,263.5,264,264.55,264.12,304.7,194.8,18477582,4880287242,119450
08-07-2025,EQ,259.65,264.2,259.5,258.55,263.65,263.5,262.78,304.7,194.8,18312891,4812288026,106972
07-07-2025,EQ,261.4,261.55,256.2,261.4,259.2,258.55,257.95,304.7,194.8,25446186,6563899460,148010
04-07-2025,EQ,262.1,263.7,259.65,260.85,261.2,261.4,262.19,304.7,194.56,13076740,3428649602,104021
03-07-2025,EQ,260.1,264.3,260,259.75,260.6,260.85,261.83,304.7,194.56,19402947,5080183200,149943
02-07-2025,EQ,260.5,261.85,257.6,261,260,259.75,259.53,304.7,194.56,14940247,3877508649,97408
01-07-2025,EQ,264.75,264.85,259.6,264.15,260.85,261,261.54,304.7,194.56,17220730,4503889586,146126
30-06-2025,EQ,262,265.19,262,261.86,263.95,264.15,264.04,304.7,194.56,21588949,5700362540,202463
27-06-2025,EQ,266.49,266.49,261,265.18,263.01,261.86,262.2,304.7,191.95,61545458,16137265011,241193
26-06-2025,EQ,259.42,266.25,258.95,258.86,265.2,265.18,263.39,304.7,191.95,47100081,12405641802,235956
25-06-2025,EQ,256.11,259.42,255.1,255.07,258.6,258.86,258.14,304.7,191.95,26412599,6818196863,151870
24-06-2025,EQ,257,260,254.22,254.64,255.07,255.07,257.19,304.7,191.95,35638629,9165851892,199324
23-06-2025,EQ,250.15,255.8,250.05,253.33,254.5,254.64,253.88,304.7,191.95,21523144,5464308214,137482
20-06-2025,EQ,249.01,254.15,249.01,249.42,253,253.33,252.26,304.7,184.8,50201710,12664109713,196519
19-06-2025,EQ,247.99,254.8,247.21,248.41,248.25,249.42,250.26,304.7,184.8,32347921,8095501336,185404
18-06-2025,EQ,247.3,250.21,247.16,247.25,247.87,248.41,248.68,304.7,184.8,17297196,4301485975,127500
17-06-2025,EQ,251.3,252,246.85,252.15,246.96,247.25,248.68,304.7,184.8,20651969,5135680091,128623
16-06-2025,EQ,249,253.52,248.71,249.08,252.5,252.15,250.95,304.7,184.8,26481959,6645698709,166559
13-06-2025,EQ,243.26,250.24,243.26,251.56,249.5,249.08,248.46,304.7,179.33,30512913,7581305375,148350
12-06-2025,EQ,257.07,257.1,250.35,257.07,251,251.56,253.33,304.7,179.33,24298795,6155542669,193599
11-06-2025,EQ,255.68,260.19,255.3,255.68,257.1,257.07,257.67,304.7,179.33,40554764,10449829999,175660
10-06-2025,EQ,256.8,256.8,252.35,256.84,255.3,255.68,255.01,304.7,179.33,36662941,9349580607,189051
09-06-2025,EQ,261.9,262.98,255.35,261.86,256.99,256.84,258.97,304.7,179.33,33660854,8717187542,269951
06-06-2025,EQ,256.56,264,256.01,256.56,261.9,261.86,260.78,304.7,146.3,66234457,17272787136,386010
05-06-2025,EQ,248,260.22,247.99,245.68,256.8,256.56,256.57,304.7,146.3,127795264,32788697450,456005
04-06-2025,EQ,237.1,248,237.1,237.7,245.33,245.68,243.19,304.7,146.3,70626622,17175538041,224934
03-06-2025,EQ,245,245.83,236.75,241.2,238.35,237.7,240.67,304.7,146.3,91875218,22111946213,249498
02-06-2025,EQ,237.31,243,236.11,238.31,240.92,241.2,240.69,304.7,146.3,55690205,13404094239,244435
30-05-2025,EQ,226.56,243,226.56,228.37,239.75,238.31,237.45,304.7,146.3,467574032,1.11027E+11,524106
29-05-2025,EQ,224.5,229.35,224.03,224.18,228.2,228.37,227.48,304.7,146.3,54574822,12414572056,217480
28-05-2025,EQ,225.9,225.9,223.2,224.79,224.29,224.18,224.29,304.7,146.3,43525027,9762241975,206525
27-05-2025,EQ,226.4,227.47,221.1,226.8,224.95,224.79,224.77,304.7,146.3,224659198,50496052594,683691
26-05-2025,EQ,232.8,232.8,225.65,237.55,226.65,226.8,228.18,304.7,146.3,89147299,20341245172,474027
23-05-2025,EQ,229.12,240.7,228.87,229.02,237.34,237.55,237.11,304.7,146.3,42180098,10001115997,211199
22-05-2025,EQ,228.97,230.88,227.03,229.97,229.87,229.02,228.81,304.7,146.3,28795944,6588757102,136959
21-05-2025,EQ,227,230.3,224.18,228.28,230.01,229.97,227.8,304.7,146.3,47166136,10744371950,231624
20-05-2025,EQ,240,240,227.88,238.03,228,228.28,231.14,304.7,146.3,45891392,10607470387,272306
19-05-2025,EQ,245.84,246.59,237.43,245.76,238.25,238.03,240.81,304.7,146.3,21817610,5253918643,146711
16-05-2025,EQ,242.6,246.94,242,242.59,244.9,245.76,245.02,304.7,146.3,30854384,7559835501,152112
15-05-2025,EQ,236.2,245.3,233.75,236.86,242.18,242.59,240.41,304.7,146.3,40335990,9697192437,191729
14-05-2025,EQ,232,237.44,232,231.65,236.27,236.86,235.44,304.7,146.3,23158211,5452465594,144650
13-05-2025,EQ,238,239.47,231.05,239.5,231.5,231.65,233.74,304.7,146.3,44837486,10480381214,309388
12-05-2025,EQ,232,240,232,227.14,239.05,239.5,236.98,304.7,146.3,31757003,7525650380,163171
09-05-2025,EQ,222,229,222,229.81,228.15,227.14,226.2,304.7,146.3,24415321,5522855143,255926
08-05-2025,EQ,235.25,236.45,226.6,236.9,227,229.81,230.27,304.7,146.3,49888442,11487618942,222882
07-05-2025,EQ,228.6,237.67,228.6,232.64,236.48,236.9,234.26,304.7,146.3,31614852,7406083013,137963
06-05-2025,EQ,240,241.5,231.85,239.9,232.7,232.64,235.04,304.7,146.3,25327712,5953028751,213490
05-05-2025,EQ,234.5,240.97,232.93,234.29,240.1,239.9,238.94,304.7,146.3,37948115,9067175347,240824
02-05-2025,EQ,220.05,239.5,220.05,232.52,234.41,234.29,234.13,304.7,146.3,104910316,24562471039,697809
30-04-2025,EQ,232,234.75,226.1,231.11,231.43,232.52,231.06,304.7,146.3,45831746,10590029248,213328
29-04-2025,EQ,228.37,234.24,226.6,227.21,231.16,231.11,230.59,304.7,146.3,32761971,7554710474,177098
28-04-2025,EQ,226,231.99,225.06,228.81,226.7,227.21,227.58,304.7,146.3,29327020,6674331222,146990
25-04-2025,EQ,235.9,239,227.31,236.38,227.71,228.81,231.73,304.7,146.3,32437650,7516617504,165167
24-04-2025,EQ,237,241.37,235,239.24,236.8,236.38,237.78,304.7,146.3,46103369,10962263426,186390
23-04-2025,EQ,237.48,240.25,233.05,237.47,238.15,239.24,237.42,304.7,146.3,42294685,10041669791,280063
22-04-2025,EQ,236,243.45,235,234.24,236.57,237.47,238.74,304.7,146.3,59667380,14245260299,320284
21-04-2025,EQ,229,235.3,227.1,231.6,234.22,234.24,232.13,304.7,146.3,66028533,15326976503,318929
17-04-2025,EQ,220.6,236.14,220.38,222.08,232,231.6,230.19,304.7,146.3,70125937,16142293628,302980
16-04-2025,EQ,220.51,222.64,218.4,222.23,221.85,222.08,221,304.7,146.3,26155875,5780329676,130093
15-04-2025,EQ,224.25,224.25,220.1,217.2,222.9,222.23,221.95,304.7,146.3,45034496,9995455681,194207
11-04-2025,EQ,216,218.31,214.1,211.39,216,217.2,216.93,304.7,146.3,28917549,6273038371,179516
09-04-2025,EQ,216,216,209.86,215.19,211.15,211.39,211.64,304.7,146.3,25359931,5367159351,162551
08-04-2025,EQ,213.19,219.19,210.81,209.63,214.55,215.19,215.33,304.7,146.3,62002510,13351193761,362486
07-04-2025,EQ,196,211,194.8,210.53,211,209.63,205.47,304.7,146.3,64932923,13341895638,334420
04-04-2025,EQ,211.84,212.58,205.67,210.9,210.46,210.53,209.49,304.7,146.3,48296676,10117471819,248714
03-04-2025,EQ,208.15,214,208,212.03,211,210.9,211.51,304.7,146.3,44447473,9401128837,298707
02-04-2025,EQ,203.5,212.6,202,202.01,211.7,212.03,207.87,304.7,146.3,59441448,12355907875,277483
01-04-2025,EQ,201.7,205,198.85,201.7,203.35,202.01,201.89,304.7,146.3,63369467,12793574020,361222
28-03-2025,EQ,204.24,209.9,200.5,206.28,201.2,201.7,204.43,304.7,146.3,74842762,15299765438,334406
